,drop,alt,target,choice,drop_x,drop_y,drop_z,orientation,model_train_steps
0,dumbbell,octahedron,pentagon,octahedron,-0.5252136113705647,0.11474846178256065,1.418739919908055,"(-0.08174269276564317, -0.035548290815460626, 0.12055829705216878, 0.9886961860002303)",420000
1,pipe,octahedron,cone,octahedron,-0.2948577573398312,0.3536352199278777,0.10029937937784345,"(0.30297474648309486, 0.2881729536353841, 0.1102010462626315, 0.9016753191638244)",420000
2,octahedron,pyramid,pentagon,pyramid,-0.9767238816056224,0.3921098054743869,1.40732938718187,"(0.2520516410578219, -0.12161177132990202, -0.4172718575505191, 0.8646182650224328)",420000
3,dumbbell,pyramid,pipe,pipe,-0.9695846562661911,-1.0146068862851,0.7715091063543078,"(-0.05677808896095655, 0.01582435587770835, 0.38723930016612795, 0.9200932359178849)",420000
4,pyramid,sphere,triangular_prism,sphere,0.12578831579249716,0.5287958371183512,0.2913172738819195,"(0.08274700407493492, -0.17025513848483645, -0.3316626697083269, 0.9242110119762029)",420000
5,torus,dumbbell,cone,cone,0.5319798017665088,-0.3082962113228974,0.40805841240587276,"(0.37120232328689357, 0.05508088224890158, -0.3506075432881949, 0.8580496968046267)",420000
6,torus,octahedron,bowl,bowl,-0.7766889657297772,0.47267842772362845,0.2836270606205503,"(0.49858083747692683, -0.1547419040922079, 0.5070840550695861, 0.685811820190429)",420000
7,sphere,cone,pipe,cone,0.3225918230032617,0.7962404963716327,0.36831110452298516,"(-0.02746052582393192, 0.1993618084951801, -0.10873934062261309, 0.9734867973608906)",420000
8,triangular_prism,cone,pentagon,cone,0.31411881918302037,-0.2828386858039953,0.14182171121739784,"(0.2767985437096557, 0.35693788818461203, -0.44908983335089325, 0.7709061108587674)",420000
9,sphere,cone,pipe,pipe,-0.4953780058114722,0.3317151954030667,0.6001924183212071,"(0.10216199544838818, 0.07351775305759088, -0.26446086587937795, 0.9561477485669756)",420000
10,octahedron,pyramid,pentagon,pentagon,-0.7453695168231843,0.1334259582603032,1.4100383575980007,"(0.11549648698850934, 0.2078426816070426, 0.3170482693200142, 0.9181189335357868)",420000
11,pyramid,dumbbell,torus,torus,-0.13749750464368418,-0.43954906226959667,0.3645032378576719,"(-0.5337240222267589, -0.23193049779018257, -0.4753420561727791, 0.6598460744191199)",420000
12,cone,sphere,triangular_prism,triangular_prism,0.5929719702951991,-0.798575419974712,0.0658063904190666,"(0.16657146723385088, -0.25173129421699214, 0.09759013620806598, 0.9483467019662648)",420000
13,cone,sphere,triangular_prism,triangular_prism,0.3244021711066576,0.5467728719675801,0.21095160040759514,"(0.43828462124964157, 0.054494538580974805, -0.3641782392779392, 0.8199458189888676)",420000
14,torus,octahedron,bowl,octahedron,-0.743693809152449,1.0228442516624094,0.18522823841361746,"(-0.3120086649762556, -0.10564348142875522, 0.33965020191766876, 0.8809811508475274)",420000
15,pentagon,sphere,bowl,sphere,-0.9863359367851311,0.3325673608994474,0.6927989363766668,"(-0.26592914216545943, 0.019630505644147405, 0.26313206926506066, 0.9271773555903883)",420000
16,pentagon,sphere,bowl,sphere,-0.5532532357906043,0.32228153880181887,0.8184877520175594,"(0.14034444692997042, 0.006206189340584972, -0.10375248189282427, 0.9846320845528388)",420000
17,dumbbell,pyramid,pipe,pyramid,0.07661569752034814,-1.0148392826650825,1.38585731063358,"(0.0820183850756221, -0.285202687834772, -0.24052968089527652, 0.924163342688848)",420000
18,pentagon,pyramid,pipe,pyramid,-1.0404173816641997,1.0853368465495548,1.2062008715230605,"(0.2642857398924305, -0.12466620802788897, 0.13824183641766125, 0.9463089236234277)",420000
19,torus,dumbbell,cone,dumbbell,-0.7680171205635055,0.41983732389123596,0.2435598417351896,"(0.2874981614121325, 0.023166433707970842, -0.11534376828637681, 0.9505282419009948)",420000
20,pipe,dumbbell,torus,dumbbell,-0.9899167781338071,0.3594884268753661,0.5167749187884427,"(0.19620148683209124, -0.5162765754397347, -0.18905085541384964, 0.8119256420906956)",420000
21,cone,sphere,triangular_prism,sphere,-0.10299962600403409,0.7580372975984963,0.446581743052817,"(0.14912559251833923, -0.3973255514570459, 0.2863313099369278, 0.859015916479556)",420000
22,dumbbell,octahedron,pentagon,octahedron,-0.7537705659675037,-0.5581041663001844,0.3962034872122577,"(0.3696095359714693, 0.18213727634035742, -0.08465849791859031, 0.9072197871609942)",420000
23,octahedron,pyramid,pentagon,pentagon,-0.2800869425433061,-0.095520069527151,1.11865644225386,"(0.3163343226016318, 0.201171253878249, -0.45751321813759, 0.8063153094085501)",420000
24,torus,dumbbell,cone,dumbbell,-1.005760431500458,1.032556698093052,0.08983624084690012,"(0.027918829732701468, -0.19907150395685355, 0.4211651483536003, 0.8844269291869186)",420000
25,torus,octahedron,bowl,bowl,0.545219082701837,-0.6066287904967693,0.28433176335243027,"(-0.2133537813683279, 0.2500883983772494, -0.3188983259932309, 0.8889543377764985)",420000
26,triangular_prism,cone,pentagon,cone,-0.8020753353819645,-0.7945526048154566,0.7485062768278663,"(-0.23983978962992145, 0.3634219941437009, 0.337539532807618, 0.8345468191029823)",420000
27,pentagon,pyramid,pipe,pipe,-0.7811178553580949,0.5388199013598024,0.125100628722702,"(-0.501456841870414, -0.2850819686242236, -0.3847611305906342, 0.7205748949923976)",420000
28,triangular_prism,dumbbell,bowl,dumbbell,-1.0154635053724188,-0.9943159709710914,0.707040982732287,"(-0.2901904745283545, 0.022932100469393483, -0.2504411262214298, 0.9233324696760166)",420000
29,octahedron,sphere,pipe,sphere,0.1168409424282873,-0.759185201170345,1.4116375752344095,"(0.12317529887355715, 0.3531190242291084, 0.15860035602653325, 0.9137727986447994)",420000
30,torus,octahedron,bowl,bowl,-0.758986625764889,-0.3639049475096747,0.8231570157590462,"(0.44704651247907645, 0.030138865652056347, -0.4846586467876348, 0.7512303645031135)",420000
31,octahedron,pyramid,pentagon,pentagon,-0.3100178723511854,-0.5380728680404028,0.09515688819795103,"(0.3207319182153079, -0.1565257303309008, 0.2209279226865343, 0.9076461785077486)",420000
32,pyramid,dumbbell,torus,torus,-0.8248690930129653,-0.636864263131383,0.41012317990042085,"(0.24013060524842894, -0.06351164284411508, -0.37120692337813055, 0.8947116762859461)",420000
33,cone,sphere,triangular_prism,triangular_prism,-0.5224722725920783,-0.7532506768990093,0.5890899124473908,"(-0.24002019744787306, -0.43805224389893266, 0.03159683614057, 0.8657379374719003)",420000
34,octahedron,pyramid,pentagon,pentagon,0.17626240397172743,1.0173217832598933,0.866773007084762,"(0.10456246590593087, 0.4690267456146729, -0.34927436222480523, 0.8044178158856475)",420000
35,octahedron,pyramid,pentagon,pyramid,0.7499279837577028,0.3682385563633097,0.08341055349801228,"(0.07107960904545645, 0.3711700679852517, -0.13472526140050897, 0.91598557507765)",420000
36,pipe,dumbbell,torus,dumbbell,1.0097439979575393,1.087643997985979,0.11660997362646265,"(0.4276694221640179, -0.16597053653790525, -0.21732369565748288, 0.8615817184997536)",420000
37,cone,sphere,triangular_prism,triangular_prism,-0.9442978664177117,-0.0581936650304864,0.6840568055797832,"(0.41533861264958183, 0.21138280841074042, -0.08261484342772982, 0.880900637300326)",420000
38,pyramid,sphere,triangular_prism,triangular_prism,-0.8098225103624827,0.09659288128209885,0.5922815921737277,"(-0.2247187398569019, -0.3769454436767473, -0.10672602515558281, 0.892201309124211)",420000
39,octahedron,pyramid,pentagon,pyramid,-0.14561719223253267,0.579848325531372,0.5232116671347785,"(0.1045535127841528, 0.3678628128123253, -0.03639278780228766, 0.9232665264755762)",420000
40,dumbbell,octahedron,pentagon,pentagon,-0.7412126533304908,-0.07865795753906277,0.8343279626636307,"(-0.40109566503056504, -0.09003476276400697, 0.381224637433576, 0.8280602543301763)",420000
41,dumbbell,octahedron,pentagon,pentagon,0.5853704602120079,-0.5583335757709317,0.6728573984776682,"(-0.09122571314227845, 0.10340472318902169, -0.18360033590747216, 0.9732811768130255)",420000
42,octahedron,pyramid,pentagon,pyramid,-0.3227653213090283,-0.3444558498105561,0.6744731698023011,"(0.36193947356199746, 0.28925160117834664, -0.43029895438839394, 0.7747103578407105)",420000
43,pipe,octahedron,cone,cone,-0.3105926254966914,0.3130114316554935,0.25488102925421663,"(-0.44836947380779535, -0.21100318874788354, -0.46980132781298883, 0.7305677119067736)",420000
44,dumbbell,pyramid,pipe,pipe,-0.5432188244874516,0.11928560459449238,0.28404604907095155,"(0.013565980254753215, 0.23926722463872896, -0.028181442388199564, 0.9704498779938757)",420000
45,triangular_prism,cone,pentagon,pentagon,0.5530098927916866,0.5688181932242803,0.21500711544560583,"(-0.052084896131290685, -0.282485462720186, -0.4308482184069685, 0.8554875449954232)",420000
46,pentagon,sphere,bowl,bowl,-1.0342658833338307,0.2465812048920828,0.7836007765255141,"(0.3877522610799062, 0.04999507172245941, 0.09607918662962696, 0.9153783189083494)",420000
47,sphere,pentagon,bowl,pentagon,0.375714571121562,-0.5483897273297018,0.20693608515966888,"(0.4208559282927529, 0.24702685687962628, -0.028380898788191954, 0.872383255332765)",420000
48,triangular_prism,dumbbell,bowl,dumbbell,-0.7848048006961297,0.8180555425192922,0.12533109283270422,"(-0.06050198552200473, -0.4304862771061908, -0.16504936073549947, 0.8853133815163702)",420000
49,pyramid,dumbbell,torus,torus,0.336359010078607,0.9876603156895583,0.9941542202797192,"(-0.29210533357481155, -0.14521112823606241, 0.1661093259815782, 0.9305890038870563)",420000
50,octahedron,pyramid,pentagon,pyramid,-1.036088715488418,1.006341572037528,1.2854204522687316,"(0.1642799527176803, 0.45628297560493325, -0.024768575085536263, 0.8741878865532379)",420000
51,sphere,pentagon,bowl,pentagon,-0.7131508646097048,1.0537622639142346,0.29740483089950653,"(0.21861051124396164, 0.22538828759084703, -0.21638043456405723, 0.9244398691793799)",420000
52,pentagon,sphere,bowl,bowl,-0.5002627853608367,-0.6549667854211663,0.4173475618821495,"(0.28121986479109584, -0.31704204863854557, -0.04731192203532743, 0.9045226968270476)",420000
53,pentagon,sphere,bowl,bowl,0.32860987116751045,-0.19811527337772528,0.46877819725786646,"(-0.09382724461299773, -0.11357096852612007, 0.43160896906140417, 0.8899504374413912)",420000
54,bowl,triangular_prism,pyramid,triangular_prism,-0.7416900444997772,0.16314720478417932,0.5984747053803621,"(0.1285523340478507, 0.03954384895141872, 0.452756721752759, 0.8814317513731009)",420000
55,pipe,octahedron,cone,cone,-0.9863771477042382,-1.0042771914406892,0.8341102900560501,"(0.3968694054560537, 0.26491224082718295, 0.32234749216015346, 0.8175623976009041)",420000
56,torus,octahedron,bowl,octahedron,0.3766286097548936,0.14033720930800764,0.3847044124773125,"(0.3590689405514917, -0.2394905356674556, 0.28096155697557174, 0.8571898172276704)",420000
57,octahedron,pyramid,pentagon,pyramid,-0.15890725783714535,-0.3151020833784327,0.3221686877484638,"(0.4542839685714616, 0.18200385410980172, -0.3428833384501253, 0.8018302122029565)",420000
58,cone,sphere,triangular_prism,sphere,-0.7767057825646355,-0.547310533235923,0.7615363116872693,"(0.3680349676011195, -0.32017038273625614, 0.4624128127173037, 0.7404158151175825)",420000
59,pipe,dumbbell,torus,dumbbell,0.7739709645064777,0.15689661177965475,0.08078326458251868,"(-0.4927959376406918, 0.22676734642604984, 0.062448015776579616, 0.83775233796468)",420000
60,octahedron,sphere,pipe,pipe,0.9823441310535389,-0.9940208625980932,0.5867374281726631,"(-0.06963911961361652, 0.13277963111493082, 0.16071252230926858, 0.9755467429874471)",420000
61,pipe,dumbbell,torus,dumbbell,-1.0034826375749715,0.8523663910880457,0.17806775243530315,"(-0.35904005938455524, 0.149897594940275, -0.03088275198955842, 0.9206884393853373)",420000
62,pipe,dumbbell,torus,torus,-0.9676896251381424,0.7765135062462271,0.2157255337052049,"(0.08505158471547225, -0.2225865916033574, 0.24663356982634965, 0.939357929338172)",420000
63,sphere,cone,pipe,cone,-0.8056022689298428,-0.2985190664025853,0.5917353012858325,"(-0.02606443742595255, -0.23889291682523348, 0.16941896482470556, 0.9557970672428985)",420000
64,pyramid,dumbbell,torus,dumbbell,-1.025653481263472,-0.5405875121840301,0.3745047450265696,"(0.11457305808661605, 0.23197341587713963, 0.20837426102063256, 0.9432080979460883)",420000
65,triangular_prism,cone,pentagon,cone,-0.36318539766836344,0.10866020262900525,0.2639952674936144,"(-0.27845819660200405, 0.3573455724586059, 0.2796639338039401, 0.8464946891261022)",420000
66,pentagon,sphere,bowl,sphere,0.08897635352513668,-0.7535710625675308,1.242394028426794,"(-0.4671262412486089, -0.27473964359634434, -0.27258754824659326, 0.7949888247732866)",420000
67,triangular_prism,cone,pentagon,pentagon,-0.04677421505438048,-0.7602043045639693,1.1091689045148927,"(-0.23696001116459303, 0.15166048770736643, -0.2700310684037311, 0.9208323797923155)",420000
68,triangular_prism,dumbbell,bowl,bowl,-1.0087503151557389,0.446532408263959,0.4066626295214349,"(-0.03598516590376502, -0.10401425181106454, 0.3099507907314873, 0.9443604240860524)",420000
69,triangular_prism,cone,pentagon,cone,-1.016952390398383,-0.278193726856597,0.709956350292795,"(-0.24166652624573381, -0.2701337658312425, -0.1979727254645094, 0.9107314854677561)",420000
70,pyramid,dumbbell,torus,dumbbell,-0.757330524895059,-0.3128742179302954,1.28487604686353,"(0.2864496123588831, -0.36122548830971746, 0.22339840555980997, 0.8588107582978839)",420000
71,pentagon,pyramid,pipe,pipe,0.10870221205983932,0.0987075082274558,0.1392995096511463,"(0.2544435510211713, -0.20466469228232884, 0.22854193616641852, 0.9171365364491925)",420000
72,triangular_prism,dumbbell,bowl,dumbbell,-1.0050874981174893,-0.9160954883800871,0.5396967002486774,"(0.4202334592780689, -0.15570442838422852, -0.2946937306228626, 0.8439879002783796)",420000
73,sphere,pentagon,bowl,bowl,-0.1599395788716051,-1.0066989647581308,0.4467929100432232,"(0.047188547506770845, 0.2192323190726155, -0.22069786628461052, 0.9492117166763505)",420000
74,octahedron,sphere,pipe,sphere,0.1198529090938168,-0.12398639963506027,0.5402099087877869,"(0.11716611059774809, -0.057658249337257945, 0.1617270740392147, 0.9781574425078374)",420000
75,octahedron,pyramid,pentagon,pentagon,-0.27796106377055074,-0.5008052518743986,1.4520630270862767,"(0.37962813308425775, 0.29462057342561804, 0.24519421650916037, 0.8419982152450087)",420000
76,dumbbell,pyramid,pipe,pipe,0.9786835847692719,-0.5469997043625925,0.20153192138753895,"(-0.12853487222652973, 0.025328276168260087, 0.31268827553037437, 0.9407780330098565)",420000
77,pipe,octahedron,cone,cone,0.8144957895705115,-0.958555995408204,0.5545334572851566,"(-0.15758455288077272, 0.4105629370538662, -0.16747634369172473, 0.8823586899411833)",420000
78,pipe,dumbbell,torus,torus,-0.7176635860126634,-0.8879800866292982,0.8478159026850849,"(-0.20149525916241062, -0.12655742621942848, -0.4302320257176077, 0.8707946270221875)",420000
79,torus,octahedron,bowl,bowl,-0.1101492890878448,0.441565871794588,0.40775443641243647,"(0.24172964114738366, -0.29803289474488615, 0.03084144844973723, 0.9229257712829688)",420000
80,octahedron,pyramid,pentagon,pentagon,0.6222534355390429,0.6098959487046591,0.4381513065802323,"(-0.45485276295323296, 0.030075287036109205, -0.46223961970456984, 0.7606174959326667)",420000
81,triangular_prism,cone,pentagon,cone,-0.3386293017352517,-0.8117425810272372,1.038420655953833,"(-0.3060364768861992, 0.08518071665439786, -0.028018344647618775, 0.9477873668120573)",420000
82,bowl,triangular_prism,torus,torus,-0.5411593076657436,-0.21943384582992873,0.8868332025985982,"(0.4649147467716238, 0.1606505533768589, -0.1984885975791502, 0.8477310626401796)",420000
83,dumbbell,pyramid,pipe,pipe,0.7709316901366892,0.5488775776211887,0.23548331844032652,"(0.4835682319895251, -0.20206691005018454, 0.38249499681113525, 0.7609390949923294)",420000
84,octahedron,sphere,pipe,sphere,0.5771315231342525,-0.9951118108019025,0.47532067798374583,"(0.17939685542845973, 0.0012120476277269504, -0.3179167460769201, 0.9309909998312506)",420000
85,octahedron,sphere,pipe,sphere,-0.3544923614089028,-0.08559890094407677,0.8571868666869977,"(0.23978785479904105, -0.507371972310113, -0.15275628676579028, 0.8134746359036327)",420000
86,bowl,triangular_prism,pyramid,triangular_prism,0.7435299933971318,0.3062807521051657,0.18056021656913038,"(-0.005644650892971403, 0.3745041987697516, 0.26414097001839904, 0.8887881024056645)",420000
87,pyramid,sphere,triangular_prism,sphere,-0.09816752065727383,-0.7709006084299618,1.1372844556831958,"(-0.12158797432982471, 0.45033349274608253, -0.3068496213524583, 0.8296140184961539)",420000
88,pentagon,pyramid,pipe,pyramid,-0.7425880089693258,0.3594309474997368,0.2211995635507824,"(0.13866038810819287, 0.4749754803353597, 0.23283789502153798, 0.8372324076932396)",420000
89,pentagon,pyramid,pipe,pipe,-1.0052150310113883,-0.32461283894553095,0.42928093108875093,"(-0.42668814516344644, -0.20567479333478217, -0.12003508888766524, 0.8724830563394355)",420000
90,pipe,dumbbell,torus,torus,-0.13955596664131192,-1.0848577731286322,1.2711472494249003,"(-0.09819879204236606, 0.3516688593673259, 0.03356676325886929, 0.9303543857031186)",420000
91,pyramid,dumbbell,torus,dumbbell,-0.9886441781062159,-0.032832455977021544,0.7631022351348392,"(0.27882646308859854, -0.33670947793253453, -0.24095727786096588, 0.8664999256767053)",420000
92,triangular_prism,dumbbell,bowl,dumbbell,-1.0327552131359106,1.0600181724854478,0.1416456003492126,"(0.414164290887518, 0.04081644141131446, 0.21488171210529272, 0.8835314414704517)",420000
93,bowl,triangular_prism,pyramid,triangular_prism,-1.022340419216223,0.13420009989851658,0.5872966566236328,"(0.47145207990182375, -0.05903988944395084, 0.4414677570543735, 0.7611527095741505)",420000
94,sphere,cone,pipe,cone,0.79601350083825,-0.3012968663669449,0.07903088997707104,"(0.3575480777749855, -0.2593407513472928, -0.2291381985699542, 0.8674084578364168)",420000
95,pipe,dumbbell,torus,dumbbell,-0.8045637378890261,-0.2193019599318257,0.7956958620976797,"(-0.3842806126229998, 0.2272735744676452, -0.05442248418571054, 0.8931479868005345)",420000
96,bowl,triangular_prism,torus,torus,-0.9909745227320458,0.7334232438794885,0.2573629538074045,"(0.25245613705488945, 0.24663778367421094, -0.37663416989753035, 0.8564942525161475)",420000
97,triangular_prism,cone,pentagon,pentagon,0.5894132864331847,0.5525106135238145,0.1292446898047964,"(-0.4200348973141786, 0.16690378200318426, 0.11689960719617193, 0.8843349447062927)",420000
98,torus,octahedron,bowl,bowl,0.2851339950726061,-1.0140640152957374,1.4309755299384517,"(0.16572929190273136, 0.3514799485776232, 0.18458505646365955, 0.9027314132584499)",420000
99,octahedron,sphere,pipe,sphere,0.5792585506519454,0.7681236683599161,0.3423318306405698,"(-0.10425941638972058, 0.26709809599990947, 0.2641509181134936, 0.9208761445857399)",420000
100,torus,dumbbell,cone,cone,0.5419772454852458,0.7668497519004536,0.0985907807480209,"(-0.31432405350544207, 0.19678000118917197, 0.19038896231761848, 0.9089719817175433)",420000
101,pyramid,sphere,triangular_prism,triangular_prism,0.8378834639687297,-0.3602358143799047,0.08023534684025767,"(0.20205315500542953, 0.139002694472466, -0.3383967172562861, 0.9084824903276427)",420000
102,bowl,triangular_prism,pyramid,pyramid,0.12174747205040407,-0.5349978954992661,1.4462533418423533,"(-0.1527766140514534, 0.29582245527585, -0.13483046201005194, 0.9332572676747269)",420100
103,bowl,triangular_prism,torus,triangular_prism,-0.32332249253528067,0.3079807741368626,0.5921058393491517,"(-0.12734236105113378, -0.2339498847745558, 0.14457518257968488, 0.9529687251310746)",420200
104,torus,octahedron,bowl,bowl,-0.35744510668109275,0.6730358558456742,1.2222052498626865,"(0.14744214889708085, -0.2571996000222504, -0.3268544828796325, 0.8973713420309863)",420300
105,pyramid,sphere,triangular_prism,sphere,0.552606084410904,-0.32714639381546495,0.14487722757639615,"(0.07890140327826893, 0.3459249370029699, 0.03388215804767568, 0.934324625537743)",420400
106,torus,octahedron,bowl,octahedron,-0.5491437771243599,0.08152068547739295,0.489452535821402,"(-0.2912902317017403, -0.026218880207239118, -0.43193937547298183, 0.8531652519599209)",420500
107,octahedron,sphere,pipe,sphere,-0.9810194689827633,-0.5706807608875679,0.5260203072718775,"(0.2650061900357117, 0.005933967153904797, -0.07772926103729526, 0.9610903543658986)",420600
108,dumbbell,octahedron,pentagon,octahedron,1.0040844969568081,-0.36766211924391184,0.3840827081390961,"(0.4604713396915947, -0.09319903216083596, 0.07045985629731016, 0.87995198413179)",420700
109,pentagon,sphere,bowl,bowl,0.8294117909202039,0.10761499315623443,0.27207474021309336,"(-0.1722082066507121, 0.12142436135255352, -0.3718991410366347, 0.904041750655623)",420800
110,pentagon,sphere,bowl,sphere,0.08225768101241301,-0.5793827866210202,1.388922997551557,"(-0.11565006254106837, -0.3883856370931522, 0.07618936953127829, 0.9110306470719959)",420900
111,pentagon,pyramid,pipe,pyramid,-0.8108831809893691,-0.9715143650651265,0.7680414063634615,"(-0.05913909617474813, -0.29246441469549794, -0.2928121529709146, 0.9084207045818536)",421000
112,sphere,cone,pipe,cone,-0.36237963341338636,-0.26796062722561426,0.49504298412289943,"(-0.40376567782602, -0.07224513742525197, 0.09276668591060226, 0.9072751840060791)",421100
113,pentagon,sphere,bowl,bowl,-0.7642880357875965,0.030860830490597797,0.5754908736731255,"(0.36452084430227144, -0.29386387473737063, -0.15815396822949115, 0.8693422223306326)",421200
114,dumbbell,octahedron,pentagon,octahedron,0.3305304856421727,-0.2988127564119757,0.10950080288191744,"(-0.3096005672389272, 0.33185347179178326, 0.06000621747874873, 0.8890556877321959)",421300
115,triangular_prism,cone,pentagon,cone,-0.80376960783899,-0.804080251809213,0.5830961188323792,"(-0.04632688750174703, -0.3617941777157464, -0.1577286626523667, 0.9176494218617932)",421400
116,octahedron,sphere,pipe,sphere,0.9985993971590672,1.011662781947831,0.31967126791276923,"(-0.11697667879739124, 0.02073114549953048, 0.22557875234125152, 0.9669544470738907)",421500
117,pyramid,dumbbell,torus,torus,-0.07715987566761816,-0.5929375903362519,1.1908382326998295,"(0.24529178401815419, -0.12852360548725816, 0.23065091640004495, 0.9327988948801162)",421600
118,torus,octahedron,bowl,octahedron,-1.000139962126114,-0.7332088642623235,0.3828577156131533,"(0.055040852890405306, 0.014709194171882801, 0.3969163487522447, 0.916084906661548)",421700
119,bowl,triangular_prism,torus,triangular_prism,-0.06245614935890556,-0.7595425397885436,1.240241640985872,"(-0.2606731683475188, 0.21484918818399165, -0.3211737548466419, 0.8847241066219769)",421800
120,sphere,pentagon,bowl,pentagon,0.5516178344714302,-0.33223704629380346,0.09813012618559706,"(0.12446450429057848, 0.37431016175032905, -0.21724005137517574, 0.8928646314311336)",421900
121,pyramid,dumbbell,torus,torus,-1.0027093848688842,0.24095638293095348,1.4582806288844314,"(-0.30461601982659814, 0.29754398332139226, 0.027514442080287988, 0.904389083266296)",422000
122,bowl,triangular_prism,pyramid,pyramid,0.7456833989803532,-0.5508900812841158,0.12130352127512052,"(0.1539816818648096, -0.06128126393116568, 0.2562976340755322, 0.9522845011383773)",422100
123,cone,sphere,triangular_prism,triangular_prism,0.7935287299940974,-0.05434178486079276,0.3208467944609836,"(0.08457334494478451, 0.470157612555613, -0.3503550464300169, 0.8056367110068143)",422200
124,octahedron,sphere,pipe,sphere,-0.8023257940578457,-0.09981767300508958,0.753641431857134,"(-0.04787960570301414, 0.10152496892691333, 0.3729991166612256, 0.9210167658691446)",422300
125,pentagon,sphere,bowl,bowl,-0.3665854301841755,-1.0457048425962143,1.3152112052962985,"(0.21544730600805448, -0.06826238868251368, 0.2750422622362296, 0.9344915508495549)",422400
126,torus,dumbbell,cone,dumbbell,-0.8084585856497619,0.3741855798837934,0.6143232425941014,"(0.07846373750722256, -0.12146692698692546, 0.06376842144514343, 0.9874324361550745)",422500
127,triangular_prism,cone,pentagon,cone,-0.534166344065691,0.5798556265425406,1.4044564478139847,"(0.07630307768269862, 0.04622423576142199, -0.05692838820554174, 0.9943843919635604)",422600
128,pipe,dumbbell,torus,dumbbell,0.1069413737692943,-0.7562021893584283,1.3857186108243733,"(-0.22847013802146854, 0.3995297260358207, 0.20792618529714188, 0.8631014398748109)",422700
129,dumbbell,pyramid,pipe,pipe,-0.10499031898293251,-0.1299917546293678,0.7183654800634972,"(-0.22002249752699538, -0.2612057970029105, 0.14331353721491102, 0.928882587976009)",422800
130,pyramid,dumbbell,torus,torus,-0.14615159160058633,0.9544537708674534,0.2646760541156806,"(0.1626157511482419, -0.15770349942779865, 0.19817294116363204, 0.9536315898381696)",422900
131,triangular_prism,dumbbell,bowl,bowl,0.28239604693581993,-0.6702715084258056,1.321999456026216,"(0.3126046987932195, 0.054813287696042746, -0.01501506355180849, 0.9481816037294156)",423000
132,dumbbell,pyramid,pipe,pipe,-0.5940046949817974,0.7790755230561812,1.4251791168828285,"(0.0013810104202054319, 0.24054455187251633, -0.05915342644255853, 0.9688329492305546)",423100
133,pentagon,pyramid,pipe,pipe,0.5440325248138006,-0.5389698934461853,0.10704793430189867,"(-0.08823847919713385, 0.12190313863725474, 0.2639401792991488, 0.9527272313369113)",423200
134,bowl,triangular_prism,torus,torus,-0.12659930421834986,0.6808845422817182,0.2642583277891509,"(-0.32957832187884445, -0.1609063149431965, -0.42073749147391193, 0.8297392667743075)",423300
135,sphere,cone,pipe,cone,-0.7987801031381596,-0.27086077993084495,0.8266416093482295,"(0.2409039034920465, -0.3306435193228605, -0.024609559320314594, 0.9121592744702801)",423400
136,sphere,pentagon,bowl,bowl,-1.0410387531573946,0.8860471064065828,1.339381564405907,"(0.25021752257020496, 0.132037009886239, 0.24476223581466852, 0.9273881966782491)",423500
137,triangular_prism,dumbbell,bowl,bowl,-0.33877555639830653,-0.37199665349640476,0.24051917967480654,"(-0.3804263492094067, 0.15772865000595196, -0.02224911935089072, 0.9109898146975147)",423600
138,torus,dumbbell,cone,dumbbell,0.12711400137644577,-0.7337165329718762,0.5925461603612674,"(0.38330675587189966, 0.20113675578995477, 0.417754468438784, 0.798812331197185)",423700
139,bowl,triangular_prism,pyramid,pyramid,-1.0356571387683293,0.09771440274772565,0.6728795992223751,"(0.021190768227787798, 0.3849321035618315, 0.23389318589391228, 0.8925649581861117)",423800
140,bowl,triangular_prism,torus,triangular_prism,-0.5718744886968474,1.2476503199964613,0.23961000138416647,"(0.2992788346708129, 0.04309778413352367, -0.44290540882032325, 0.8440435764571417)",423900
141,pentagon,sphere,bowl,sphere,0.12559922191374268,-0.9863388988496943,1.3562193734774672,"(0.3484215837285362, -0.17222747310523673, -0.22460576697464718, 0.8935839898641952)",424000
142,cone,octahedron,torus,octahedron,-0.1415245871030419,0.31943526420808954,0.3885788712964765,"(-0.23969252534220967, -0.5061815434998573, 0.03817412845103418, 0.8275690147849786)",424100
143,triangular_prism,dumbbell,bowl,bowl,-0.7320354387367944,-1.7004630650003338e-05,0.7581627909575154,"(0.21087588539610122, 0.4583519825431011, 0.18114020943230655, 0.8441759565304139)",424200
144,pentagon,pyramid,pipe,pyramid,-0.3601082361417,-0.914713237373404,1.238788854330243,"(0.2865892170635129, -0.35634560762025796, 0.2795845589229102, 0.8442256232812136)",424300
145,triangular_prism,cone,pentagon,pentagon,-0.34657474391376514,-0.7313497376791146,1.1217539149504463,"(0.20135003735437174, -0.18829611094604015, -0.1735421298924018, 0.9454553750507733)",424400
146,pyramid,dumbbell,torus,dumbbell,0.06819372428404867,-0.6870488928556983,1.1677238725030492,"(0.34971897253470696, 0.3748119062322173, -0.15140362242041278, 0.8451565643795341)",424500
147,cone,sphere,triangular_prism,triangular_prism,-1.0080378027208248,-0.7420762883720704,0.5460416716606448,"(-0.49759467387716455, -0.1279206625905073, -0.4414750393909962, 0.7356192182142893)",424600
148,torus,dumbbell,cone,cone,-0.3406900228600447,-0.5826730507644873,0.5455845778644605,"(-0.3266555286196733, 0.2861524010540541, 0.4752862568005867, 0.7651901352537737)",424700
149,triangular_prism,cone,pentagon,cone,0.9841143963547404,-0.48739590081485623,0.05525914883556188,"(-0.4911120897823872, -0.05808867609313125, -0.2614040288001662, 0.8289164944108457)",424800
150,pipe,dumbbell,torus,torus,-0.7501052825581335,0.0003722054992528546,0.6916913460630305,"(0.3751165507788105, 0.36754940811965103, 0.048046836051006986, 0.8496390453999804)",424900
151,dumbbell,pyramid,pipe,pipe,-0.35646738067845873,-0.7689675226162288,0.9100397507972294,"(0.05784784354296133, -0.009909165114504936, 0.05635840108994104, 0.9966840853905252)",425000
152,torus,octahedron,bowl,octahedron,-0.14897242327909227,0.8231500655354895,0.2620551335546338,"(0.3441970496130783, -0.1884982839935123, 0.2479238226120956, 0.8857373008689199)",425100
153,cone,sphere,triangular_prism,triangular_prism,0.3456201372331101,-0.7644519275765385,0.18190461268027414,"(0.3911333178260026, -0.08216624537104078, 0.2351172069345329, 0.8859928525735143)",425200
154,pentagon,pyramid,pipe,pyramid,0.5109749307177798,-0.7953443185744543,0.126952402184172,"(0.459708785570619, 0.12657362556648122, 0.4566886960148339, 0.7510541822747634)",425300
155,cone,octahedron,torus,torus,-0.7891585115790017,-0.5546503421767455,0.8759572574252388,"(0.2816609571685603, 0.34866936461347664, -0.29472713318062027, 0.8439387989386777)",425400
156,dumbbell,octahedron,pentagon,octahedron,0.3640466729551003,-0.5712997349891887,0.21226831201581697,"(-0.06927161945946748, 0.4668171237971804, 0.15900482238530805, 0.8671797288482977)",425500
157,dumbbell,pyramid,pipe,pipe,-0.3498541246120914,-0.574040540587719,0.13178743099123183,"(-0.0019471709823469492, 0.11332955857113619, -0.27390824619250087, 0.9550533452886206)",425600
158,pentagon,sphere,bowl,sphere,0.09429172433058405,-1.0021032125620524,1.340748646372102,"(0.1663266618393164, -0.240320373709182, -0.06108121540109368, 0.9543849562240564)",425700
159,pyramid,sphere,triangular_prism,triangular_prism,0.7709374179948721,0.10175702109939863,0.11220932840781848,"(-0.45684169644898986, -0.05021013023952716, -0.3418607211231145, 0.8196986364269022)",425800
160,dumbbell,octahedron,pentagon,octahedron,0.7729504993614265,-0.37547076207736235,0.8532127334094862,"(-0.18792482984805375, -0.46552832574565567, -0.1109337388394513, 0.8577070256457779)",425900
161,triangular_prism,dumbbell,bowl,bowl,-0.5975942234141868,0.6745517734350674,1.3677900029759986,"(0.34978530878350544, 0.40134452910247714, -0.287205008150738, 0.7962952279223285)",426000
162,dumbbell,pyramid,pipe,pyramid,-0.7911330707061467,0.7763110029636481,0.22795297675701198,"(0.2651412110282978, 0.1973063186717689, -0.43000883324967837, 0.8401563891049644)",426100
163,triangular_prism,dumbbell,bowl,dumbbell,-1.0221432780268587,-0.7013030348379733,0.5563245676895386,"(-0.09657577178449042, 0.17775413713566926, -0.07444977069575329, 0.9764905625139105)",426200
164,pipe,octahedron,cone,cone,-0.07454044875470286,-0.5082547259935654,1.1225620353315975,"(-0.3302823977443922, 0.08050385570228535, 0.20279644768794428, 0.9183170845423881)",426300
165,dumbbell,octahedron,pentagon,pentagon,-0.5066205183327956,-0.9860449707104253,1.355204164336538,"(0.09301613937904564, -0.17068441098186168, -0.17230647901861781, 0.9656734991450265)",426400
166,sphere,cone,pipe,cone,0.12519055477942498,-0.30562507226479024,0.09856017664539295,"(-0.3420854323958655, 0.301186469583348, -0.2227302702761714, 0.8617746191349316)",426500
167,torus,dumbbell,cone,cone,-0.12410496011756735,0.3782287679806441,0.25412381167472187,"(0.11476564963948979, 0.11686373047974057, 0.3802646454215202, 0.9102584872461392)",426600
168,pipe,octahedron,cone,cone,-0.3416407872722014,-0.4971882723419626,0.6768175566935198,"(0.12679119997084576, -0.2982844560803805, 0.35878623448106556, 0.8753415406672315)",426700
169,octahedron,sphere,pipe,sphere,-0.5361152055603965,-0.3168838562396804,0.646636690731358,"(-0.35201516041936565, -0.008699743008687793, -0.4044240307440244, 0.8440680331959429)",426800
170,sphere,pentagon,bowl,bowl,-0.7332836040360117,0.7066238758719918,0.2927297414315645,"(0.07677533374293333, -0.06029339666985827, -0.3160938759944785, 0.9436921722709475)",426900
171,pyramid,sphere,triangular_prism,sphere,0.12678528228378777,-0.7912123106299335,1.4404563711294023,"(-0.25545265230193515, 0.15259745499490798, 0.09432265312015924, 0.9500322080168428)",427000
172,torus,dumbbell,cone,dumbbell,-0.7540881399609497,-0.049784762651638795,0.7047616693335448,"(-0.3829173315483941, 0.0006363273190250101, -0.29384671031176535, 0.8758013605415065)",427100
173,triangular_prism,cone,pentagon,cone,-1.014088872923967,1.022793982955863,0.10251598967355331,"(0.32107956094886425, 0.27856682804481836, -0.12904896784883713, 0.8959100411040625)",427200
174,octahedron,pyramid,pentagon,pyramid,0.32458188681344813,1.0759086585428899,1.4077455381503527,"(-0.23500999318738705, 0.32415484304358827, -0.1418447002079225, 0.9053032761767603)",427300
175,dumbbell,octahedron,pentagon,pentagon,0.12213609270389031,-0.07848931391335694,0.3157176275090148,"(-0.1976665136169515, -0.4557722979164967, -0.06857440628018249, 0.8651572762508307)",427400
176,pyramid,sphere,triangular_prism,triangular_prism,0.9692442466559397,0.14349870497011688,0.1290656911600721,"(-0.233100900670101, -0.25205928317426224, -0.4111410267687193, 0.8444484258852213)",427500
177,sphere,cone,pipe,cone,-0.3076332526651369,-0.9878775019924022,1.197620359222009,"(-0.33134751023411946, 0.3757462374735258, 0.0234709055563225, 0.8651431725896617)",427600
178,pyramid,dumbbell,torus,dumbbell,-0.34990422226835916,-0.988549135062387,0.3897996496021794,"(-0.08776149308574217, -0.46908869721311364, -0.18837265830576294, 0.8583527573679048)",427700
179,pentagon,pyramid,pipe,pyramid,-0.321862375575043,-0.717214664248505,0.9809988772955393,"(0.5327084470471934, 0.13102144443865021, -0.5314819996006916, 0.6454316196486098)",427800
180,bowl,triangular_prism,pyramid,pyramid,-0.5561230012536464,0.8374598625680603,1.3674922029637286,"(0.30171739389432845, 0.4444057343304744, -0.17669067289118026, 0.8247730376467628)",427900
181,sphere,cone,pipe,pipe,0.1281454273486705,-0.7603952931131236,0.4821388538297071,"(0.17764254131624696, -0.2633073714281905, -0.16957551980918867, 0.9329289891238914)",428000
182,dumbbell,pyramid,pipe,pipe,0.12121334007492707,-0.5700493504059484,1.3697257062551742,"(0.4323635375306565, -0.25445475233024667, 0.2855360538154766, 0.8165682533640496)",428100
183,pyramid,dumbbell,torus,dumbbell,-0.3781335757964604,0.43548903824208485,0.4923878937896358,"(-0.32972286618780283, -0.04985179292851905, 0.08807416594755532, 0.9386376146028641)",428200
184,sphere,pentagon,bowl,bowl,0.16255154535157265,-0.7933841967981108,0.3344067138920266,"(0.44941308745531844, -0.14368521356591102, -0.3909930730831278, 0.7902574599631494)",428300
185,octahedron,sphere,pipe,sphere,-0.7886024189659904,-0.7987528065698576,0.46300939589584444,"(-0.3103312192872305, 0.311646190687358, -0.278183119061509, 0.8539234968280063)",428400
186,dumbbell,pyramid,pipe,pyramid,-0.28817006260995814,0.09481034892821946,0.291977730589513,"(0.14744724099691786, 0.41400525973121843, -0.17233267411038034, 0.8815670170050878)",428500
187,torus,dumbbell,cone,dumbbell,-0.10524311987375852,-0.09465842026582395,0.11333685066716577,"(-0.2670716762247106, 0.292285157965923, 0.16347418741293018, 0.9036140195022656)",428600
188,cone,sphere,triangular_prism,triangular_prism,0.3945202122991046,0.35286365713912293,0.28300108522226486,"(-0.22331585067976495, 0.360519684023849, -0.017780391820317418, 0.9054498583208421)",428700
189,pyramid,dumbbell,torus,dumbbell,-0.3117017720377177,-0.6575311845402306,0.21300333692632156,"(0.324514326383166, -0.16414839328661895, -0.3641329013561247, 0.8574106292223536)",428800
190,torus,octahedron,bowl,bowl,-0.6082920754605734,0.3232832744221037,0.3171536975318589,"(0.028195482477524125, 0.2650871604525844, 0.25366995708802426, 0.9298308260119178)",428900
191,cone,sphere,triangular_prism,sphere,-0.7715492596801856,-0.3310148763897511,0.7811793701741497,"(0.27743399530670837, 0.18669567450172733, -0.3957910746686902, 0.8552920720918122)",429000
192,sphere,cone,pipe,cone,-0.7622960082235433,-0.9974293812470415,0.4076976267531373,"(-0.010108680768132252, 0.33473231009702925, -0.15498918648475915, 0.9294247937423591)",429100
193,cone,octahedron,torus,octahedron,-0.5818818368165879,-0.9814452779841083,0.09517880878593919,"(-0.47368416055915913, -0.03800090455971925, -0.2754588932865586, 0.8356444491512836)",429200
194,dumbbell,pyramid,pipe,pipe,-0.3608563800584315,0.3178459929658101,0.6846812507710164,"(-0.05001558529402487, -0.21286682272548335, -0.05888836024731001, 0.9740217235964693)",429300
195,pipe,dumbbell,torus,torus,1.0322004112620777,0.048010097861981356,0.06912760170319927,"(0.03925384742886141, -0.26725355501114784, 0.21112184245924567, 0.9393946137979228)",429400
196,cone,octahedron,torus,octahedron,-0.3698332723553643,-1.0348456968955935,1.2942684435715919,"(-0.04542276593434959, -0.2581965453625048, -0.3673000797612584, 0.892391151740712)",429500
197,dumbbell,octahedron,pentagon,octahedron,-0.2942103705957314,-0.9529688983103883,0.11268489366986424,"(0.48277399682197575, -0.1517415388534014, 0.315022633178255, 0.8029100285613421)",429600
198,bowl,triangular_prism,torus,torus,-0.38373348690701686,-0.879313717249169,1.141041732034744,"(0.2940532853117367, 0.04939079911236155, -0.3870638586914725, 0.8725106209412494)",429700
199,triangular_prism,cone,pentagon,cone,0.29715685678400505,-0.2903537214201523,0.24181772452826375,"(-0.13567626977800712, -0.3389433237327416, 0.11927424165191848, 0.9233000749455657)",429800
200,pentagon,pyramid,pipe,pipe,-0.5495623664025033,0.11520367625541347,0.4571370405554581,"(-0.11661785878446564, 0.44815035548023313, 0.17392185751428582, 0.8690872921486354)",429900
201,pipe,octahedron,cone,cone,-0.36959586284403767,0.5677111247211188,1.2151202072297138,"(0.3977981505974904, -0.27520579006322327, 0.2879561047796636, 0.8264984490106542)",430000
202,pentagon,sphere,bowl,sphere,0.9744795124359438,-0.5405171069442181,0.08771160843155011,"(-0.5510848845437277, 0.13928455931161607, 0.5277475529772212, 0.6311796748084892)",430100
203,cone,octahedron,torus,octahedron,-0.5754706630057602,-0.7811544977530441,0.7504696814602051,"(0.150879570177658, 0.2953697646519473, -0.33980631590312016, 0.8800702955473542)",430200
204,pipe,octahedron,cone,octahedron,-0.15570994844838137,0.9717158001181424,0.10311863589338978,"(-0.3163741845225112, 0.23219797902975028, 0.442090410525161, 0.8065652749926135)",430300
205,triangular_prism,cone,pentagon,pentagon,0.9940767395054629,-0.7550381971830507,0.5461241730737117,"(-0.27201215089960556, 0.2720032741342566, 0.10794414856277287, 0.9167178788560157)",430400
206,sphere,cone,pipe,pipe,-0.5431362694295416,-1.0084139799378147,0.49903308357372667,"(-0.0361285706181857, 0.09648552777759871, -0.4043056041998963, 0.9088026450924985)",430500
207,pentagon,sphere,bowl,sphere,0.30571385780507715,-0.09243301980216279,0.5845889648447951,"(0.44520098758239823, 0.06558858184970572, 0.17302526371021207, 0.8761030057616589)",430600
208,sphere,pentagon,bowl,pentagon,-0.5704050627587358,0.3719851289986915,0.5231546251835116,"(0.33249974106918007, 0.09641578829763436, 0.16825148672149862, 0.9229514370604118)",430700
209,triangular_prism,dumbbell,bowl,dumbbell,0.10511495060322432,-0.6925594375119396,1.4100772392033114,"(-0.37382249701461717, 0.31170883412142736, 0.014906341259934945, 0.8734255231252744)",430800
210,cone,sphere,triangular_prism,triangular_prism,-0.996369561239383,-0.06344711809735246,0.6347051175597195,"(0.21416308328753203, -0.2046979463183892, 0.282427914676423, 0.9123965133325196)",430900
211,bowl,triangular_prism,torus,torus,0.07895857128400563,0.0821820007482983,0.06739745866438439,"(0.2320267284979701, -0.1092858109952787, -0.444512640875419, 0.8582707736370815)",431000
212,pyramid,sphere,triangular_prism,triangular_prism,0.5874660452837788,1.1832256503454595,0.10529788911975362,"(0.15557228575341614, 0.16164713517582838, -0.3253505499314478, 0.9185937552880541)",431100
213,sphere,pentagon,bowl,pentagon,-1.0087384691727832,0.12130015558893252,1.2711445303338031,"(0.38581886248130187, 0.0713418900967788, -0.3122602873696968, 0.8651864845239134)",431200
214,pentagon,sphere,bowl,sphere,0.5572556101668767,0.5481701364690564,0.08867904623223721,"(0.24353826876226994, -0.1293720499705863, -0.07186939470266145, 0.9585336584803673)",431300
215,octahedron,pyramid,pentagon,pentagon,0.31103507685578125,1.021838477042825,0.140830946267665,"(0.06369865675065425, 0.06130235983585905, -0.2969572403842954, 0.9507896187853867)",431400
216,pipe,octahedron,cone,octahedron,0.14246093918160763,-0.35033791848640994,1.4197466336806386,"(-0.42863276506280157, 0.0017398617498893146, -0.4641393268621521, 0.7751423165172037)",431500
217,pyramid,dumbbell,torus,torus,1.0077666425644864,0.10796424330663583,0.08574539753345244,"(-0.14997444510596247, 0.3400296944047518, 0.275846039304004, 0.8864515978543125)",431600
218,pyramid,sphere,triangular_prism,sphere,-0.975378518350555,-0.9811579142303919,0.8379113397637121,"(-0.30268290300428835, -0.1442895283368863, 0.29946687758799856, 0.8932430696450492)",431700
219,torus,octahedron,bowl,bowl,-0.7757573266132021,0.04452371419950255,0.6502331059953661,"(0.17052576808038572, 0.46221482366919814, 0.08748943917185395, 0.8658083028213815)",431800
220,torus,octahedron,bowl,bowl,-1.022480355946882,-1.0367970477036175,0.6391420655194399,"(-0.15768125875222405, 0.3503984501854448, 0.10965640191916895, 0.9166967984366992)",431900
221,triangular_prism,cone,pentagon,pentagon,-0.9835720623121101,0.7922645915643834,0.09517983912317378,"(0.08391485149419403, 0.02705401254812073, 0.14509878249223174, 0.9854809594421525)",432000
222,dumbbell,pyramid,pipe,pipe,-0.3476374181803146,-0.9820426248098002,1.085287667243207,"(0.0957602484376509, -0.30375536419054905, 0.24504401194008135, 0.915705239559617)",432100
223,triangular_prism,dumbbell,bowl,bowl,-1.0234599427488194,0.9478912379571345,0.1759600026376789,"(0.5021696396189278, -0.15056266719939843, 0.4631005947905644, 0.7146288375061733)",432200
224,pipe,dumbbell,torus,dumbbell,-0.5842453804858321,0.7926657533615635,1.3848932437439512,"(0.32412101253207476, -0.18094939409197408, 0.047759071873001935, 0.927319770665308)",432300
225,dumbbell,pyramid,pipe,pipe,-0.09703617372052686,-1.0082241329075792,1.4386948469436125,"(0.13634372681069162, 0.42581753199016814, -0.05209620134187183, 0.892959015529224)",432400
226,bowl,triangular_prism,pyramid,pyramid,-1.035755271886362,0.3941011096480377,0.7070767259263667,"(0.16904307217297074, 0.24228701284526769, -0.38135414217452485, 0.8759511752393356)",432500
227,triangular_prism,dumbbell,bowl,bowl,-0.8048014357420166,0.04303606186836645,0.7230357989541436,"(0.08356996763377582, -0.3767006065295709, -0.2606849950474136, 0.8849610425928777)",432600
228,bowl,triangular_prism,torus,torus,-0.803528711788315,-0.4434521529773543,0.3884407441028509,"(0.15652367542442006, -0.3024778298004718, 0.16188561280025474, 0.9261752263363092)",432700
229,torus,octahedron,bowl,octahedron,-0.08305585364124439,-0.06545677329205983,0.7546357776944378,"(0.1096336377584894, -0.2004736196754291, 0.15227350374641052, 0.9615630885921441)",432800
230,cone,sphere,triangular_prism,triangular_prism,-0.9415131504680927,0.08245935551780484,0.6202849471708499,"(-0.1949579071699473, 0.3354506403857119, 0.2271789510272732, 0.8932267385758658)",432900
231,octahedron,sphere,pipe,sphere,-0.9900723283168571,-0.3372733821415413,0.5748438978738045,"(0.15773996850264843, 0.4861185731587633, 0.1910861312799688, 0.8380291913766048)",433000
232,pipe,octahedron,cone,cone,0.1296393687224145,0.37781843087880734,0.19692776744896678,"(0.19335017614902528, -0.1737955099434948, -0.117576887770442, 0.9584291865176261)",433100
233,bowl,triangular_prism,torus,triangular_prism,-0.8070965472939412,-0.5105836609257597,0.4698628659036719,"(-0.09587811436510178, 0.30452528625112074, 0.3425297146051622, 0.8835978337637387)",433200
234,pipe,octahedron,cone,cone,-0.10405818765156494,-0.7126940763104136,1.2955828797940911,"(-0.2241513195961718, 0.23369961629646224, 0.36005521066348156, 0.8749290945786733)",433300
235,octahedron,sphere,pipe,pipe,-0.34054585982054997,-1.0130235671773422,1.1986849323668243,"(-0.09239056113193554, -0.24435890840994703, -0.08195822216426223, 0.9617876885852192)",433400
236,pipe,dumbbell,torus,torus,-0.05129868860321882,-0.6400630069070374,1.4124962536495773,"(-0.17745632650921347, 0.3927970459377145, -0.3320917246658277, 0.8390082355334401)",433500
237,dumbbell,pyramid,pipe,pyramid,-0.8257787711472375,0.8110275286748341,0.08970222047633035,"(0.09305570841117634, -0.15685976381030275, 0.19912355293779901, 0.9628527718685228)",433600
238,torus,dumbbell,cone,cone,0.7676211602278099,-0.31488357836514047,0.3310528421194418,"(0.4126236115765419, 0.01943148715353202, -0.49181719400801766, 0.7664724523129407)",433700
239,pipe,dumbbell,torus,torus,-0.05725976041043655,-1.013539749817071,1.3568556113091645,"(0.32643773520583924, -0.16317724041940873, -0.3478226199945376, 0.8636150868662059)",433800
240,dumbbell,pyramid,pipe,pyramid,-1.0162654631308488,-0.10464081887112181,0.8064241266215193,"(0.1957970981551596, 0.375511847924646, -0.29992265157491754, 0.854810359959744)",433900
241,pentagon,sphere,bowl,bowl,0.14531795324279306,0.4855865319727381,0.4376289729978859,"(-0.3842594404965694, -0.08325249215147697, 0.19021352130386773, 0.8995735218719005)",434000
242,triangular_prism,cone,pentagon,pentagon,-0.7197577804727534,-0.7777512236716078,0.7696356806005634,"(-0.0418264215040765, -0.4650160118446071, -0.23460709917043238, 0.8526254559952655)",434100
243,bowl,triangular_prism,torus,torus,-0.996182700576413,-1.0345742623370895,0.6293177620771215,"(0.010970845794549247, 0.14812515494738968, -0.37960474070082745, 0.9131477535710316)",434200
244,dumbbell,pyramid,pipe,pipe,-0.7642861731663747,-0.7691493255004066,0.6366374138424895,"(-0.3360405570220634, -0.20416233610962276, 0.35150538147846355, 0.8496107646106202)",434300
245,bowl,triangular_prism,pyramid,pyramid,-0.10893967547924618,0.15589071484034306,0.16968338690656481,"(0.22218190789002945, -0.20827139707453327, -0.1964794365419433, 0.9320161243149868)",434400
246,pipe,octahedron,cone,octahedron,-0.3011995890457159,0.7409104398753111,0.3650276683299699,"(-0.20789198331436629, 0.3847085682459326, 0.07703075093789179, 0.896017022272305)",434500
247,pyramid,sphere,triangular_prism,triangular_prism,-0.4926596978425407,0.07378236702640996,0.04968243475524231,"(-0.15829323888357016, 0.3464577432193453, -0.36748760065737973, 0.8484474916282029)",434600
248,pyramid,dumbbell,torus,dumbbell,-0.31678992762552366,-0.4496156090110478,0.43656862654629747,"(-0.014110413191192361, -0.02626001023583695, 0.02565215046034895, 0.9992263383632095)",434700
249,pyramid,dumbbell,torus,torus,-1.0521174565273652,0.013371201368898996,0.666199924459361,"(-0.4193289134677621, -0.09151289946580977, -0.05222491444981392, 0.9016990683548566)",434800
250,cone,octahedron,torus,octahedron,0.13324798131263785,-0.0769548055822701,0.1655225501044068,"(-0.3708409163727147, 0.20597345298857855, 0.0127221231051937, 0.9054778290999197)",434900
251,cone,octahedron,torus,octahedron,0.32303711121696244,0.538410904662964,0.13686071546532025,"(-0.25204252721025094, -0.21392803098517674, -0.32748096425287215, 0.8851359105178618)",435000
252,torus,dumbbell,cone,cone,-0.7390099263649222,-0.5742058115859935,0.4469372116285438,"(0.22144528763217503, -0.12690979481329012, 0.3552985154023938, 0.8992323690341706)",435100
253,pyramid,sphere,triangular_prism,sphere,0.5801891229074633,-0.34041898339079146,0.317904809655926,"(0.08009457075466693, 0.16801056879580908, -0.12409924260680316, 0.9746572148673359)",435200
254,pentagon,sphere,bowl,bowl,-0.7972230826818684,0.04267242826252955,0.7148003712912989,"(-0.010696615480961052, -0.3013454544504806, -0.11415248273173739, 0.9465969100865829)",435300
255,dumbbell,octahedron,pentagon,octahedron,-0.12707454488589282,-0.14082979619839164,1.4082082027849978,"(0.448569176133101, -0.35980148102562587, 0.2553455938798682, 0.7772562101142548)",435400
256,pentagon,sphere,bowl,bowl,0.7807301875042462,-0.45225912899918047,0.22016164182283532,"(0.21700850869470636, -0.08330934384439093, -0.4699078237164401, 0.8515594504157626)",435500
257,octahedron,pyramid,pentagon,pentagon,-0.7553239003740244,0.5642493484011056,0.1803635498232631,"(0.114795418895467, 0.11782357814437346, -0.10545557967141136, 0.9807235782574198)",435600
258,pipe,octahedron,cone,octahedron,0.2988531276928406,-1.0184358611871802,1.3164060082672524,"(-0.37919925116292486, -0.3684181885781242, -0.2699348501945583, 0.8047429048414978)",435700
259,pyramid,dumbbell,torus,dumbbell,-0.8214985278973146,-0.9417508174709586,0.9079627173543129,"(0.25437055877493236, -0.43796814515289473, 0.1632578421025005, 0.846656010226052)",435800
260,bowl,triangular_prism,torus,torus,0.9537455928148686,-0.18415704999494342,0.07127111860002958,"(0.16917561887807198, 0.2349023750237405, -0.16941220385537784, 0.942072178429175)",435900
261,sphere,pentagon,bowl,pentagon,-0.953611361228546,-0.08023403446683662,0.6839323619468913,"(-0.19153738702619688, 0.4986185444433542, -0.11292534456664981, 0.8378190992468906)",436000
262,triangular_prism,cone,pentagon,cone,0.11668763854017011,-0.9789673687255097,1.3922664065273134,"(0.3575592891665596, 0.11170084813656411, -0.058008673392477915, 0.9253698012511116)",436100
263,bowl,triangular_prism,torus,torus,-0.9618093871999399,0.6858072997505116,0.08836568293806031,"(-0.12585346276610265, 0.4179341844097143, -0.07242971547704331, 0.8967975578286789)",436200
264,pyramid,sphere,triangular_prism,triangular_prism,0.10371215612860613,-0.11875686778124347,0.63384431026755,"(0.04039442095125146, -0.32808574864003287, -0.38252997842183684, 0.8627855167444057)",436300
265,torus,dumbbell,cone,dumbbell,-0.12985801130598668,-0.006057608524740271,0.2920215476043801,"(-0.20642213990246924, -0.013797899028890257, 0.3631084879751149, 0.908488714349771)",436400
266,octahedron,pyramid,pentagon,pentagon,-0.7735497475115612,-1.0031169367198876,0.3885331289828805,"(-0.3026628368115634, -0.41982533118893756, -0.08693016526536407, 0.8512256133788576)",436500
267,bowl,triangular_prism,torus,torus,-0.29124935004949426,-0.6545213065049245,1.0520935285415467,"(-0.02890878990899685, -0.08500797079959818, -0.22032143078682495, 0.9712859485767198)",436600
268,triangular_prism,cone,pentagon,pentagon,-0.32181323470887785,-0.9533717448888441,1.2083000946116456,"(-0.3961873654185022, -0.23032773204904478, 0.34580543565517924, 0.8187815996975147)",436700
269,pentagon,sphere,bowl,bowl,-0.9636035088423671,0.4587287953778342,0.6398280460053644,"(0.421940046929475, -0.010460089107569497, 0.47306482862371113, 0.7733478203578471)",436800
270,sphere,cone,pipe,pipe,-1.0153438008919375,-0.9815185875606688,0.7446175637647314,"(0.07495066149332379, -0.1974520065826734, -0.2785832400137808, 0.936902599965233)",436900
271,cone,octahedron,torus,octahedron,0.11393769984230125,0.35105029623936407,0.5453495534697576,"(0.22152878104600127, 0.22019123787807207, 0.26902925865022254, 0.9110785234655171)",437000
272,sphere,cone,pipe,pipe,0.5851863634806987,-0.10148895515862949,0.30875110305139053,"(0.4178764225765508, 0.22057189126396917, -0.13946660879084236, 0.8702162956824251)",437100
273,pyramid,dumbbell,torus,torus,-0.7799513664170442,0.22911043132432954,0.5922326093228512,"(-0.1810683617969746, 0.4502107495973295, -0.22240072613993261, 0.8456136507386818)",437200
274,dumbbell,pyramid,pipe,pyramid,0.9892703913043568,-0.9173718391642327,0.5993293966183193,"(-0.049313800411647735, -0.1868267103332396, -0.3895977963997799, 0.9004873605084391)",437300
275,dumbbell,pyramid,pipe,pyramid,-0.5922382196708759,-0.5648342442696335,0.09344641705231525,"(-0.19167753995464765, 0.21889763735061094, 0.29961785506160526, 0.9086103047883277)",437400
276,bowl,triangular_prism,torus,torus,-0.14621357436987978,0.7045442648256525,0.1689783911454267,"(-0.10651404221006143, 0.3671390523439332, -0.31356213747089884, 0.8692194550289087)",437500
277,pyramid,dumbbell,torus,dumbbell,-0.5991430505299336,-0.5048376650924564,0.5278972622517634,"(-0.0874065750685089, -0.2199186169769304, 0.4001378330962322, 0.8853731456661643)",437600
278,pipe,octahedron,cone,octahedron,-0.0775180431727573,-1.0143323296471394,1.325909390721243,"(-0.2549697815856055, 0.4146604076574283, -0.18911512189944357, 0.852808669906986)",437700
279,octahedron,pyramid,pentagon,pentagon,-0.3532679293353159,-0.06617908087154267,0.21157653045659403,"(-0.2210473742468975, -0.45270839153543063, 0.14945497457099266, 0.850797497144849)",437800
280,bowl,triangular_prism,pyramid,triangular_prism,-0.9720221193512608,0.7379911365134476,0.14691086477646004,"(-0.049588538515614164, -0.43474676377562604, -0.1998181046214924, 0.8767034580175783)",437900
281,dumbbell,octahedron,pentagon,octahedron,0.8179488206429112,-0.597870652014065,0.45350329082698526,"(-0.4323711143468029, 0.3798655906822593, 0.22714781071236315, 0.785596095065844)",438000
282,sphere,cone,pipe,pipe,0.3216301144562225,0.7642975070829601,0.39033847106642994,"(0.17323572194075917, -0.1464619771200549, -0.41507002455382597, 0.8810534311939514)",438100
283,cone,octahedron,torus,torus,-0.14533602716071778,-0.7834213649364805,1.2032731242022041,"(-0.21988792670033502, -0.42271807689026614, -0.26344845069375594, 0.8387810447242372)",438200
284,dumbbell,octahedron,pentagon,octahedron,-0.2861106590739734,-0.7525882337110098,1.3980584433753507,"(0.2005368916896814, 0.12190936924584139, 0.22364985825880576, 0.9459935526536839)",438300
285,octahedron,sphere,pipe,sphere,-0.5677151576484211,-0.9764370160302775,1.4119159522354618,"(0.3938275647332885, 0.1478879578132816, -0.41704234376847465, 0.805670332514585)",438400
286,torus,octahedron,bowl,octahedron,-1.0177334811288778,0.972620903760875,0.2693842059575418,"(-0.18170856331039678, -0.10788997765316158, -0.08340985281230313, 0.9738503720775085)",438500
287,bowl,triangular_prism,torus,torus,0.09746439054374878,-1.0899940017713263,1.4242983281472463,"(-0.16498196646013533, 0.02903164587719897, -0.12559178240962457, 0.9778368056438566)",438600
288,pentagon,pyramid,pipe,pyramid,0.11924054295155895,0.7974006291916402,0.2944196416262752,"(0.24028603415132063, 0.10792735392438829, -0.4476621886911581, 0.854524939883531)",438700
289,cone,sphere,triangular_prism,triangular_prism,0.6200224551995667,-0.3473183563645949,0.32022602207241735,"(-0.1149105862352978, 0.44326534839321524, 0.04466867220978773, 0.8878716674204197)",438800
290,cone,sphere,triangular_prism,sphere,-0.7968451084101393,0.3352139798496912,0.7521934624714302,"(-0.3283154417636462, 0.10544309404148587, -0.34057127326147013, 0.8747010531876369)",438900
291,cone,sphere,triangular_prism,triangular_prism,-0.07231444556936854,1.2817426935614664,0.09025270063973842,"(0.2882046754986808, -0.017621936825781257, -0.38418851450316316, 0.8769416843137638)",439000
292,dumbbell,pyramid,pipe,pipe,-1.003185965285195,-0.5742125360412245,0.6706933035921946,"(-0.2534615229779076, 0.011397546910229539, -0.027773735324662784, 0.9668795022753685)",439100
293,pyramid,sphere,triangular_prism,sphere,-0.7941098271418245,0.5724471579163573,0.073057821637956,"(-0.25662675098815824, 0.4416411544175401, -0.11373214077815966, 0.8521506918122059)",439200
294,torus,dumbbell,cone,cone,-0.9849055108021203,-0.3073387258480745,0.6367234273574138,"(-0.06627271241040707, -0.157651359116091, 0.4082733017986485, 0.8966977682569788)",439300
295,bowl,triangular_prism,pyramid,pyramid,1.0132794388308106,-0.2503472732656217,0.07628497152800702,"(-0.17587988548997602, -0.04274233209258382, 0.2988526907851533, 0.9369772826156426)",439400
296,torus,octahedron,bowl,octahedron,0.7401985253384887,-0.5744492349763787,0.28455187097031803,"(-0.14519103841635256, 0.46545455328489194, -0.2909816592187678, 0.8231654118026558)",439500
297,pentagon,sphere,bowl,bowl,-0.5686748648715763,0.7530203019648876,1.4110100518519848,"(0.29715300913995535, -0.39935215177297184, 0.3428271003759388, 0.7966727855783658)",439600
298,octahedron,sphere,pipe,sphere,-1.0226726786537206,0.09425052801879699,0.7744429533818806,"(0.353211732729445, -0.24851752234577082, 0.304846489111088, 0.848851654310708)",439700
299,sphere,cone,pipe,cone,-0.29951565669979646,0.820563610944691,0.22653656488698698,"(-0.013335039388453476, -0.09841124192402843, -0.10411203254886803, 0.9895949114996612)",439800
300,triangular_prism,dumbbell,bowl,dumbbell,-0.570451930716796,-0.974348659027053,1.3863377359134839,"(-0.0708858816627827, 0.4556250991569744, 0.049677715487801956, 0.885953207219772)",439900
301,octahedron,sphere,pipe,pipe,-1.0359402957573745,0.09351484824850124,0.6324050125529193,"(0.5046812334922944, -0.05196908480039606, 0.5207862197374301, 0.6865695741272712)",440000
302,torus,dumbbell,cone,dumbbell,0.3539445678921205,-0.9885041942675822,0.4269562496062443,"(-0.017201075913352976, 0.16278565450458288, 0.31142546921749215, 0.936065772687797)",440100
303,torus,dumbbell,cone,dumbbell,-0.3726327476134297,0.17972075272865834,0.8053772742622403,"(-0.2697942824938944, 0.11023802436800541, 0.19278191855796442, 0.9369598470554403)",440200
304,sphere,pentagon,bowl,bowl,-1.0521475349895935,0.8893251955179504,1.316617439592954,"(-0.19237800637561084, -0.44321744189963413, -0.19246352920019455, 0.8541116974885051)",440300
305,octahedron,pyramid,pentagon,pyramid,-1.0007385016505836,0.135881370554102,0.2585236586923909,"(0.0029814756922031875, 0.3881644618545664, 0.26615327691664314, 0.8823162100643875)",440400
306,octahedron,sphere,pipe,pipe,1.0127952107356248,-0.9832830219898522,0.6531725699327209,"(-0.1234800710905073, 0.12463252030711292, -0.4560172232920369, 0.8725065609990569)",440500
307,pipe,dumbbell,torus,dumbbell,-0.10487860872135657,-0.9206730517486781,1.4493736288718557,"(-0.08669813946371209, -0.4136235914834719, 0.27406851576740116, 0.863878119787102)",440600
308,bowl,triangular_prism,torus,torus,0.14728356015330307,-0.11681399586316941,0.08305930786208922,"(-0.04919656475536992, -0.38020783969677985, -0.38344050782743594, 0.8402351299525725)",440700
309,octahedron,sphere,pipe,sphere,-0.7826600770114808,0.12126858970811537,0.7160699995702234,"(0.2787855037646176, -0.12127257553170825, 0.1340843596808485, 0.9431823735649386)",440800
310,torus,octahedron,bowl,octahedron,-0.9765825503201204,0.5853875432817383,0.10470731295295806,"(-0.5246335491545493, 0.31852870990629284, 0.02219467892366443, 0.7891809021348714)",440900
311,triangular_prism,dumbbell,bowl,dumbbell,-0.5367770142109511,-0.23549988052165938,0.8410347545421116,"(0.029663548971770055, -0.19640034395985875, 0.05499075328339147, 0.9785310397775707)",441000
312,octahedron,sphere,pipe,sphere,-0.33845871430446095,-0.7946195797518277,1.1950439558412158,"(-0.12151855014671158, -0.040268254907762625, -0.20688559096778034, 0.9699536390296378)",441100
313,triangular_prism,cone,pentagon,pentagon,0.31542072922759806,-0.09659934370935633,0.5540861977253829,"(-0.48145659590989776, -0.325667161012597, -0.33044667196284094, 0.7436030147071294)",441200
314,pentagon,sphere,bowl,sphere,-0.7606097779275692,0.5699580230567938,0.080840635748376,"(-0.06766318806630707, 0.22856034140416415, 0.17149218860907656, 0.9559143751215295)",441300
315,pyramid,dumbbell,torus,torus,-0.8216862365420183,-0.4287344627088172,0.34641680671785435,"(-0.03781472585015544, -0.08109571321500222, 0.31768589939726105, 0.9439646185801569)",441400
316,pipe,octahedron,cone,cone,0.7858522917119914,-0.34785868064199477,0.298994619971675,"(-0.05574528613682036, -0.43814510190721184, -0.038732913385342974, 0.8963376005551292)",441500
317,sphere,pentagon,bowl,bowl,-0.9779181913495403,-0.8018750367239063,0.6632862574109915,"(-0.039206177730305464, 0.016581876269338162, -0.2551804419179969, 0.9659559301902463)",441600
318,pyramid,dumbbell,torus,dumbbell,-0.7617025186697037,-0.6958216028634404,0.46628681420714624,"(-0.3512705156624391, 0.1123825408207473, -0.2222548522911029, 0.9025419491513829)",441700
319,pyramid,dumbbell,torus,dumbbell,-0.5511696352415878,-0.28558462374029026,0.8743175729104421,"(-0.08286056817317612, -0.09272258296062773, -0.027362663124568903, 0.9918608438273281)",441800
320,octahedron,pyramid,pentagon,pyramid,-0.3420047528093215,-0.33637749643141146,0.21463314499324893,"(-0.4084922269762404, 0.2981994888125855, 0.10426598032446746, 0.8563525971928164)",441900
321,cone,sphere,triangular_prism,triangular_prism,-0.9759163757984437,-0.8164898388474662,0.464806325204381,"(0.06420853052795762, 0.18068684377743338, -0.29947947341615716, 0.9346344601476938)",442000
322,octahedron,pyramid,pentagon,pentagon,0.11493392754847101,-0.7672796414262728,1.2947124415635418,"(-0.34842247489514755, -0.04199638947929521, 0.14819003619214813, 0.9245960174216702)",442100
323,pipe,octahedron,cone,octahedron,0.07035547323005338,0.33012081388173947,0.10945883669922249,"(0.5255434222463696, -0.1578948296554521, 0.5185173650607293, 0.655753822887925)",442200
324,pentagon,sphere,bowl,bowl,-0.09715845754538495,-0.6533344576969176,1.0324400450390236,"(-0.1747548371507261, 0.06599393314225421, 0.21331946085594763, 0.9589579528326394)",442300
325,bowl,triangular_prism,pyramid,pyramid,-0.34884181460873304,-0.9747756960241838,1.331230599549845,"(0.06875634381518003, -0.42647228396597797, 0.006546536851752838, 0.9018598001071229)",442400
326,octahedron,pyramid,pentagon,pentagon,-0.49058120683875417,-0.9458600692602749,1.4281554838706747,"(-0.24511642258388758, 0.11547951793693643, 0.08754377717811433, 0.9586023718905136)",442500
327,pipe,octahedron,cone,octahedron,-0.3260875920737948,-0.37482090166577103,0.7883153415792886,"(0.23969989033531405, 0.009546727198320226, 0.042314192583753844, 0.9698774828188477)",442600
328,octahedron,pyramid,pentagon,pentagon,0.5751374724713936,-0.3334271731696698,0.14740801920731877,"(-0.3669860799026091, -0.09860035409874358, -0.1370244784864114, 0.9147805636461922)",442700
329,pipe,dumbbell,torus,dumbbell,-0.30883413233329116,-0.9871820108049443,0.9401281650307682,"(-0.1665075024358524, -0.14742354236925662, 0.4430671689531971, 0.8684659087055022)",442800
330,sphere,cone,pipe,pipe,-0.5165489284033669,-0.10952059421031675,0.5180324238826842,"(-0.38691717941934295, -0.22843324870421824, -0.36453822748049763, 0.8156134058866331)",442900
331,pipe,dumbbell,torus,torus,-0.5753649211907332,0.444426157888374,0.5416058481838932,"(-0.22457170448377922, -0.4764676016770622, 0.1971203728744852, 0.8268553275484064)",443000
332,cone,sphere,triangular_prism,triangular_prism,0.39039849174572583,-0.30467200200756683,0.21202890829899634,"(0.22143948618930306, -0.20633631294101165, 0.2055915434990472, 0.9306567558234377)",443100
333,dumbbell,octahedron,pentagon,octahedron,-0.5946845668378588,-0.06676805537488405,1.3440061245455448,"(-0.15571215904959643, -0.049404797875792404, 0.4312754595734981, 0.8873073692022586)",443200
334,octahedron,pyramid,pentagon,pyramid,0.5675355098290071,-0.9240915782829932,0.5078712266862189,"(-0.37964816441499205, -0.19449398488884878, 0.3397298001146076, 0.8382261174721723)",443300
335,torus,octahedron,bowl,bowl,0.5180461499537722,-0.7930918711239222,0.21970438030344686,"(0.061678279419016796, -0.2960219584865404, -0.02819703029509539, 0.9527705481511486)",443400
336,triangular_prism,dumbbell,bowl,bowl,0.7793627738673893,0.2958421225609256,0.28621246011905377,"(-0.1239684494540537, -0.3812314344392133, -0.39206980783583995, 0.8279949774720528)",443500
337,torus,dumbbell,cone,cone,-0.36676411355138305,-0.9530498726511311,1.0825276417161231,"(0.0205240428877338, 0.191160885793908, -0.026925702852670156, 0.9809746612078829)",443600
338,bowl,triangular_prism,torus,triangular_prism,-0.9623731206331958,1.2559490783601426,0.15416991486116827,"(0.5075247648152932, 0.19906523575932672, -0.38028267306315655, 0.7471122630362892)",443700
339,dumbbell,octahedron,pentagon,pentagon,0.7642987784322852,-0.549969450992049,0.5645631592642315,"(-0.19897898262402713, -0.06775068128315152, 0.34307885747248584, 0.9154857220158868)",443800
340,sphere,cone,pipe,pipe,0.1261159045219271,-0.7821794409565894,0.5537994665806055,"(-0.1640528832226897, -0.25613639169010666, -0.12309971742811951, 0.9446307532191676)",443900
341,bowl,triangular_prism,torus,triangular_prism,0.5528012106025914,-0.098687905629018,0.359137032324115,"(0.16006181628731914, 0.00030784881351994964, 0.4021737306815633, 0.9014634826467381)",444000
342,bowl,triangular_prism,pyramid,pyramid,0.545101672605338,-0.5756465181200552,0.36582486607513903,"(-0.015014911199302903, -0.3096435159496287, -0.31352046633669933, 0.8975524289199198)",444100
343,torus,dumbbell,cone,dumbbell,-0.7809959519148861,-0.7689023371106544,0.6325191552729182,"(0.28211885092816064, -0.3400005018290975, 0.16096757805398249, 0.8825520106613384)",444200
344,dumbbell,octahedron,pentagon,pentagon,-0.35254357494975275,0.14402850401160505,1.036952184461498,"(-0.08876111996218314, -0.23935256613210373, -0.14041500829205453, 0.9566166620519309)",444300
345,sphere,cone,pipe,pipe,-0.5383913550149944,0.09801196116293184,0.5332998034077292,"(0.09966201611862179, -0.09588988522522134, -0.08342589611500822, 0.9868701699372989)",444400
346,pentagon,pyramid,pipe,pipe,0.8026717893783875,-0.11796429481800208,0.27933187122316444,"(0.33225518152154304, -0.26814763333972275, -0.13291913391563867, 0.8944472286979868)",444500
347,octahedron,sphere,pipe,sphere,0.7662196420560018,-0.7835661102204058,0.46314136375739884,"(-0.30604299410950564, 0.3934497394453659, 0.1831910941428414, 0.8473346513117538)",444600
348,triangular_prism,dumbbell,bowl,bowl,-0.7878141184906244,0.01827511555115704,0.7574776285562888,"(0.052133951511621604, 0.1405322378286606, -0.23269261187884624, 0.9609302209877953)",444700
349,pentagon,pyramid,pipe,pipe,-0.09936355998237542,0.9833920713400794,0.14342840833663062,"(-0.3152270772513919, -0.0387941955750833, -0.3610810003754273, 0.8767824196031235)",444800
350,pipe,dumbbell,torus,torus,0.06402140886107979,-0.4268328373762932,1.4278760321664354,"(0.2116667848199211, -0.14051447897177813, 0.4211992468409974, 0.8706572505089839)",444900
351,torus,dumbbell,cone,cone,-0.12057124678335096,-0.9567394406668766,0.5353544056239702,"(0.4052148928555726, -0.25243511437914495, 0.1925938804060629, 0.8573126622572246)",445000
352,pentagon,pyramid,pipe,pyramid,-0.8205968123698928,1.0862473450863432,0.12326041524487405,"(0.3792755283493989, 0.2833546239378562, -0.2687044364757114, 0.8388433444372022)",445100
353,sphere,cone,pipe,pipe,-0.37071938723503856,0.7866516845126534,0.24074037542965113,"(-0.31826529644388246, 0.19449929305369412, 0.1509275289709031, 0.915476983369783)",445200
354,pyramid,sphere,triangular_prism,triangular_prism,0.7943038770891133,0.9611321543774085,0.10163174184225714,"(0.1661620003917066, 0.20903724084320344, 0.042253405299761924, 0.9627607549682637)",445300
355,triangular_prism,cone,pentagon,pentagon,-0.8067896601348358,-0.7631351066007552,0.6250054101560427,"(0.09386161238812459, -0.45475251884190754, 0.05672100036531482, 0.8838398454722439)",445400
356,triangular_prism,cone,pentagon,cone,-0.7628789198531603,-0.2803680682077671,0.6916211976767279,"(0.21193315470280163, -0.2179127053788674, -0.08630623101713364, 0.9487621542092615)",445500
357,pyramid,sphere,triangular_prism,sphere,-1.0201063076994628,-0.7847404724248286,0.5741084668438656,"(0.029054532503885403, -0.08762990205005444, 0.4273694375988088, 0.8993509872203157)",445600
358,pyramid,dumbbell,torus,dumbbell,-0.9732271347948316,-0.6784938590046747,0.7001793789367288,"(-0.33592931862919756, -0.2253298600524159, -0.05094038197345776, 0.913117201972715)",445700
359,bowl,triangular_prism,torus,torus,-0.9522074252892905,-0.8879634014896961,0.787564354519022,"(-0.2756007602661865, -0.47398812024321074, -0.04419998320394794, 0.835120257384395)",445800
360,triangular_prism,dumbbell,bowl,dumbbell,0.3160422250887172,0.592287999191434,0.3917315502112576,"(0.12744664153634386, -0.40879162828708965, 0.2258437226960046, 0.8750093548770246)",445900
361,dumbbell,pyramid,pipe,pipe,-0.5291697367054131,-0.5580901734126245,0.4753184263491091,"(0.0794711422592067, 0.4027652651683557, -0.07626228496507238, 0.908652047053099)",446000
362,pentagon,pyramid,pipe,pipe,-0.335001791900332,0.3521267709452412,0.6472522369135728,"(-0.1556650565281996, -0.46432564030238704, 0.044184242654509945, 0.8707570514413869)",446100
363,pipe,dumbbell,torus,dumbbell,0.13294250665717067,-0.4811621200885342,0.6483057933509293,"(-0.4771637289902164, -0.3101663911565343, -0.32306287850729903, 0.756136206026177)",446200
364,pyramid,sphere,triangular_prism,triangular_prism,-0.5255496763111721,0.5624129091808825,0.4960876104139316,"(0.3447915599055367, -0.10902856358703908, 0.37028701319015733, 0.855639573887724)",446300
365,cone,octahedron,torus,octahedron,0.15718825867060143,0.5137682192369039,0.3069023917452127,"(-0.4910625371137861, 0.07813671796850978, 0.33735966915241744, 0.7993376580506216)",446400
366,sphere,cone,pipe,cone,0.3061721317178071,-0.7757715375778366,0.1495157478278354,"(0.1345416814895847, 0.07414162577716447, -0.36602472392895635, 0.9178384698528415)",446500
367,dumbbell,octahedron,pentagon,octahedron,-0.3202357130478513,0.589473151183562,0.35331452893524995,"(0.21156679276428686, -0.18406158611742318, -0.2065930716028476, 0.9373793935654189)",446600
368,triangular_prism,dumbbell,bowl,bowl,-0.7921534460589701,-0.8399913921184936,0.46551281673485706,"(-0.253105806315521, 0.2997289275564675, 0.3128692141357999, 0.8649929916717631)",446700
369,pentagon,sphere,bowl,bowl,-0.35084590876694866,0.00581480452679441,0.18514694990575972,"(0.3474857300409355, -0.17779820921692432, 0.47802821038467813, 0.7868484570065539)",446800
370,pyramid,sphere,triangular_prism,sphere,-1.0253463466816644,0.10206052289835246,0.7617165365367716,"(0.07719229486615238, -0.25152136447712187, -0.1570465783153275, 0.9519005857043642)",446900
371,pipe,octahedron,cone,octahedron,0.13431665149746053,-0.38039460852192747,1.3598702840105283,"(-0.5399882540400998, -0.18722795822784374, -0.509073646072559, 0.6435855809688006)",447000
372,bowl,triangular_prism,pyramid,pyramid,0.9856783631622914,0.9883571924738922,0.06973446573796506,"(-0.07615161918406683, -0.49314282113573277, 0.21757576775294712, 0.8388515209169327)",447100
373,torus,octahedron,bowl,bowl,0.7856603141886132,0.501767342709994,0.11604450935566953,"(0.19114009936734314, 0.36566839569058895, 0.1317543839555693, 0.9013283913842953)",447200
374,dumbbell,octahedron,pentagon,octahedron,0.07942389124145902,-0.11604017280593878,0.20029732814822604,"(-0.3824018127848723, 0.3108332748903516, 0.24984448390100675, 0.833504206746446)",447300
375,pyramid,dumbbell,torus,torus,0.2902216171736634,-0.13300155763261462,0.44786018631544894,"(0.2483875382673188, 0.08943179425232234, 0.4655133275084171, 0.8447502156983168)",447400
376,pentagon,pyramid,pipe,pyramid,-0.8098656811294023,-0.5453890427049907,0.6788811168810294,"(0.327511474990814, -0.2537331271263609, 0.23663971359369873, 0.8788386540761117)",447500
377,pipe,dumbbell,torus,torus,0.9563996480325302,-0.20541754991337716,0.2913306965045978,"(0.30296870691505107, 0.20635898273867553, 0.2190563325682343, 0.9042346244393852)",447600
378,triangular_prism,cone,pentagon,pentagon,0.3289650417490515,-0.7692047118666435,1.2380189243197772,"(0.38148982235633977, -0.283694472006468, -0.049387821555828215, 0.8783756628421973)",447700
379,dumbbell,octahedron,pentagon,pentagon,-1.0298880358075455,-0.543578289049501,0.5457852853269379,"(-0.0857620337373752, 0.023289549980228832, 0.10078406494905094, 0.9909314016032055)",447800
380,torus,dumbbell,cone,dumbbell,0.10010032460540874,0.42324083042238225,0.38705096363757024,"(-0.22600492972222294, 0.24839134355475298, 0.44118642116726364, 0.8322127456161312)",447900
381,octahedron,sphere,pipe,sphere,-1.0008243291702104,0.5507384871132631,0.2358313896211757,"(-0.40626285009533847, 0.23894803791802988, 0.07996444617037392, 0.878327967877718)",448000
382,pipe,dumbbell,torus,dumbbell,-0.5437336700288222,0.8364828481180012,0.322483241584813,"(0.0187481166341616, 0.048648940947200896, 0.14408076399610095, 0.9881915412073145)",448100
383,torus,octahedron,bowl,bowl,0.2879875306787866,-0.8406439767653326,1.4130115906706435,"(0.19722121237887125, -0.35862958995058053, -0.24517079371700862, 0.878851462141276)",448200
384,dumbbell,pyramid,pipe,pyramid,0.5444498467650503,-0.34110834557417535,0.05955390424954416,"(-0.08748239275357235, 0.19613342923096921, 0.0418840788925217, 0.9757685344545268)",448300
385,bowl,triangular_prism,torus,triangular_prism,-1.03087219095588,-0.372474443493618,0.6540942372749526,"(-0.07967253078059258, -0.3148438828675798, -0.20570709913428564, 0.9231523203814408)",448400
386,triangular_prism,dumbbell,bowl,bowl,-0.9842177640613469,0.898384516660758,1.4578805085135171,"(-0.3968201007510417, -0.1334632280392572, -0.14484481051724318, 0.8965162325733418)",448500
387,pipe,octahedron,cone,octahedron,-0.735015287443493,-0.09308885940112957,0.6727297131865133,"(-0.38983181206817785, -0.3449792923741113, -0.028406232215865787, 0.853354282876694)",448600
388,cone,sphere,triangular_prism,sphere,-0.5341169316751981,-0.08726432179679333,0.7797094000660936,"(-0.473317779231904, -0.06902318906616524, 0.48144775385494204, 0.7344481871052213)",448700
389,octahedron,sphere,pipe,sphere,-0.7528439718472125,0.5591400437822206,0.15627539681812308,"(-0.2598757570711451, 0.08469953995074364, 0.2533755570259781, 0.9279501096075192)",448800
390,pipe,dumbbell,torus,dumbbell,-0.14238531608311333,-0.6630055061654708,1.189000270975242,"(0.16477146951039462, -0.1588666138863227, 0.16121912545660483, 0.9600104975544208)",448900
391,torus,octahedron,bowl,bowl,-0.5814801037703835,-1.1150973650724156,1.325751386188188,"(-0.010346126666664717, 0.2475364415495846, 0.2766690611613124, 0.9284788087856849)",449000
392,triangular_prism,cone,pentagon,pentagon,-0.566051049751773,-0.9813344823231824,1.364463011270207,"(0.4009677090445302, -0.186587849354565, 0.3984636947204935, 0.8035151241678731)",449100
393,pentagon,pyramid,pipe,pipe,-0.7913099647425553,0.9930479359793281,0.29052073394704114,"(0.17139461831520617, -0.06785734890715295, -0.28575038120363694, 0.9404073503827232)",449200
394,pipe,octahedron,cone,octahedron,-0.37754951810139376,0.3422048421788707,0.2972805203059312,"(-0.46494043981368344, -0.025110598791521395, 0.06791962772829173, 0.8823756396362267)",449300
395,pyramid,sphere,triangular_prism,triangular_prism,0.17893347883334315,-0.27735605950933245,0.3882069533018847,"(-0.3415485093790308, -0.30268555439716427, -0.08338010573540015, 0.8858746123847308)",449400
396,octahedron,pyramid,pentagon,pentagon,0.09569635278688841,0.8190149414239806,0.18270796498935488,"(-0.4197548808952309, -0.13619418618314183, -0.26540686026667676, 0.8572141985162909)",449500
397,dumbbell,pyramid,pipe,pipe,-0.8141135737483789,-0.3173969795086618,0.6075514162676291,"(-0.20641134553746032, 0.3724848069965613, -0.2910303501920082, 0.856709262385593)",449600
398,cone,sphere,triangular_prism,sphere,-0.7929619799851169,0.1208213701879492,0.6005289970047053,"(0.37731745382248244, 0.11206783257128396, 0.3776828827491631, 0.8381097660939022)",449700
399,bowl,triangular_prism,pyramid,pyramid,0.9978696627664336,-0.9646784565752289,0.6530858501931285,"(-0.20098398978638618, 0.36338844750014715, -0.22560730499112466, 0.8812806681231696)",449800
400,pipe,dumbbell,torus,dumbbell,-0.7826194424606924,0.2265005967113223,0.6732809932653488,"(-0.18582368753967182, 0.2981530383925738, -0.26757019202208987, 0.897207063719238)",449900
401,bowl,triangular_prism,torus,torus,0.5808936697425506,-0.8042493943502071,0.23165708204251373,"(-0.24515831085595097, 0.26992939348526496, 0.25313196380657554, 0.8960802051436916)",450000
